<?xml version="1.0" encoding="UTF-8" ?>
<XMLDB PATH="local/approve_accounts/db" VERSION="20250224" COMMENT="XMLDB file for local_approve_accounts">
  <TABLES>
    <TABLE NAME="local_approve_accounts_pending" COMMENT="Tracks approval status of self-registered users">
      <FIELDS>
        <FIELD NAME="id" TYPE="int" LENGTH="10" NOTNULL="true" SEQUENCE="true"/>
        <FIELD NAME="userid" TYPE="int" LENGTH="10" NOTNULL="true" SEQUENCE="false" COMMENT="FK to user.id"/>
        <FIELD NAME="status" TYPE="int" LENGTH="2" NOTNULL="true" DEFAULT="0" SEQUENCE="false" COMMENT="0=pending, 1=approved, 2=denied"/>
        <FIELD NAME="approvedby" TYPE="int" LENGTH="10" NOTNULL="false" SEQUENCE="false" COMMENT="FK to user.id of approver"/>
        <FIELD NAME="denyreason" TYPE="text" NOTNULL="false" SEQUENCE="false" COMMENT="Reason for denial"/>
        <FIELD NAME="timecreated" TYPE="int" LENGTH="10" NOTNULL="true" SEQUENCE="false"/>
        <FIELD NAME="timemodified" TYPE="int" LENGTH="10" NOTNULL="true" SEQUENCE="false"/>
      </FIELDS>
      <KEYS>
        <KEY NAME="primary" TYPE="primary" FIELDS="id"/>
        <KEY NAME="uq_userid" TYPE="unique" FIELDS="userid"/>
      </KEYS>
      <INDEXES>
        <INDEX NAME="ix_status" UNIQUE="false" FIELDS="status"/>
      </INDEXES>
    </TABLE>
    <TABLE NAME="local_approve_accounts_approvers" COMMENT="Designated approver users">
      <FIELDS>
        <FIELD NAME="id" TYPE="int" LENGTH="10" NOTNULL="true" SEQUENCE="true"/>
        <FIELD NAME="userid" TYPE="int" LENGTH="10" NOTNULL="true" SEQUENCE="false" COMMENT="FK to user.id"/>
        <FIELD NAME="timecreated" TYPE="int" LENGTH="10" NOTNULL="true" SEQUENCE="false"/>
      </FIELDS>
      <KEYS>
        <KEY NAME="primary" TYPE="primary" FIELDS="id"/>
        <KEY NAME="uq_userid" TYPE="unique" FIELDS="userid"/>
      </KEYS>
    </TABLE>
  </TABLES>
</XMLDB>
